99324,Sandor Gowing,Comunicación
89598,Chev Litchmore,Comunicación
71910,Puff Van der Merwe,Sociología
84646,Lilias Brittan,Sociología
10963,Saundra Doble,Periodismo
51080,Herrick Penhallurick,Sociología
63249,Aubree Broady,Biología
99997,Natalina Avrahamy,Comunicación
80802,Noland Boyen,Historia
14780,Salomo Izzard,Historia
06152,Justus Brennenstuhl,Sociología
15104,Theresina Worcs,Sociología
55755,Percy Southall,Historia
60977,Fletcher Romme,Biología
00529,Wainwright Stichall,Filantropía
03651,Theressa Ciric,Historia
04032,Torey Mordanti,Historia
55489,Tomasine Skyrme,Informática
04585,Zackariah Duffer,Filantropía
31345,Hermia Thaine,Informática
04429,Issie Lowe,Comunicación
06987,Chiquita Coping,Periodismo
54641,Rancell Matyashev,Filantropía
16958,Worden Burkert,Historia
07243,Karon Ricca,Biología
36787,Ced Iddy,Historia
46549,Freemon Blondell,Biología
07952,Minda Dulake,Sociología
15005,Lizabeth Najera,Historia
77847,Etti Raw,Informática
85349,Simone Grassin,Biología
96372,Chrysa Swaden,Filantropía
14595,Meredith Beaver,Historia
70972,Brucie Thon,Informática
26198,Hardy Albrooke,Filantropía
67170,Harlin Fromant,Historia
60931,Nona Lamberti,Filantropía
58941,Ursula Livezley,Filantropía
91364,Essa Fortesquieu,Periodismo
89653,Reuben Withrop,Comunicación
01934,Marissa Dauber,Informática
69771,Amelita Reiling,Periodismo
28949,Waiter Kilby,Comunicación
17993,Rhiamon Tordoff,Historia
26344,Friederike Garmanson,Historia
17013,West Kristiansen,Filantropía
82447,Robbi Marzelle,Periodismo
40646,Tabatha Cowterd,Biología
59865,Ally McKague,Historia
31018,Whit Boyle,Biología
